"Season","Squad","Comp","Player","Nation","Pos","Age","MP_Playing_Time","Starts_Playing_Time","Min_Playing_Time","Mins_Per_90_Playing_Time","Gls","Ast","G+A","G_minus_PK","PK","PKatt","CrdY","CrdR","xG_Expected","npxG_Expected","xAG_Expected","npxG+xAG_Expected","PrgC_Progression","PrgP_Progression","PrgR_Progression","Gls_Per_Minutes","Ast_Per_Minutes","G+A_Per_Minutes","G_minus_PK_Per_Minutes","G+A_minus_PK_Per_Minutes","xG_Per_Minutes","xAG_Per_Minutes","xG+xAG_Per_Minutes","npxG_Per_Minutes","npxG+xAG_Per_Minutes","PlayerURL","MP","Current_Player"
"2021-2022","Barcelona","La Liga","Sergio Busquets","ESP","MF","33",36,36,3198,35.5,2,0,2,2,0,0,12,0,0.6,0.6,1.7,2.3,24,291,36,0.06,0,0.06,0.06,0.06,0.02,0.05,0.07,0.02,0.07,"https://fbref.com/en/players/5ab0ea87/Sergio-Busquets",NA,"No"
"2021-2022","Barcelona","La Liga","Marc-André ter Stegen","GER","GK","29",35,35,3150,35,0,0,0,0,0,0,3,0,0,0,0.1,0.1,0,2,0,0,0,0,0,0,0,0,0,0,0,"https://fbref.com/en/players/6f51e382/Marc-Andre-ter-Stegen",NA,"Yes"
"2021-2022","Barcelona","La Liga","Jordi Alba","ESP","DF","32",30,30,2644,29.4,2,10,12,2,0,0,11,0,1.5,1.5,7.1,8.7,47,291,213,0.07,0.34,0.41,0.07,0.41,0.05,0.24,0.29,0.05,0.29,"https://fbref.com/en/players/4601e194/Jordi-Alba",NA,"No"
"2021-2022","Barcelona","La Liga","Frenkie de Jong","NED","MF","24",32,30,2476,27.5,3,3,6,3,0,0,7,1,4.8,4.8,3.4,8.2,78,206,121,0.11,0.11,0.22,0.11,0.22,0.18,0.12,0.3,0.18,0.3,"https://fbref.com/en/players/1bacc518/Frenkie-de-Jong",NA,"Yes"
"2021-2022","Barcelona","La Liga","Gavi","ESP","MF,FW","16",34,28,2316,25.7,2,5,7,2,0,0,11,1,3.6,3.6,3.2,6.8,72,115,160,0.08,0.19,0.27,0.08,0.27,0.14,0.12,0.26,0.14,0.26,"https://fbref.com/en/players/19cae58d/Gavi",NA,"Yes"
"2021-2022","Barcelona","La Liga","Ronald Araújo","URU","DF","22",30,25,2272,25.2,4,0,4,4,0,0,6,0,1.5,1.5,1.2,2.8,30,91,14,0.16,0,0.16,0.16,0.16,0.06,0.05,0.11,0.06,0.11,"https://fbref.com/en/players/2bef2bca/Ronald-Araujo",NA,"Yes"
"2021-2022","Barcelona","La Liga","Gerard Piqué","ESP","DF","34",27,25,2092,23.2,1,0,1,1,0,0,10,1,1.6,1.6,0.5,2.1,25,132,4,0.04,0,0.04,0.04,0.04,0.07,0.02,0.09,0.07,0.09,"https://fbref.com/en/players/adfc9123/Gerard-Pique",NA,"No"
"2021-2022","Barcelona","La Liga","Eric García","ESP","DF","20",26,23,2039,22.7,0,0,0,0,0,0,5,1,0.2,0.2,0.1,0.3,36,137,3,0,0,0,0,0,0.01,0,0.01,0.01,0.01,"https://fbref.com/en/players/2bed3eab/Eric-Garcia",NA,"Yes"
"2021-2022","Barcelona","La Liga","Memphis","NED","FW","27",28,20,1851,20.6,12,2,14,8,4,5,3,0,11.2,7.3,4.4,11.7,83,72,239,0.58,0.1,0.68,0.39,0.49,0.54,0.21,0.76,0.35,0.57,"https://fbref.com/en/players/8f696594/Memphis",NA,"No"
"2021-2022","Barcelona","La Liga","Sergiño Dest","USA","DF,FW","20",21,17,1512,16.8,0,3,3,0,0,0,2,0,1.1,1.1,2.5,3.7,75,81,158,0,0.18,0.18,0,0.18,0.07,0.15,0.22,0.07,0.22,"https://fbref.com/en/players/5976f83e/Sergino-Dest",NA,"No"
"2021-2022","Barcelona","La Liga","Ferrán Torres","ESP","FW","21",18,17,1412,15.7,4,4,8,3,1,1,1,0,7,6.2,3.1,9.4,34,53,215,0.25,0.25,0.51,0.19,0.45,0.45,0.2,0.65,0.4,0.6,"https://fbref.com/en/players/9e1035f8/Ferran-Torres",NA,"Yes"
"2021-2022","Barcelona","La Liga","Ousmane Dembélé","FRA","FW","24",21,15,1409,15.7,1,13,14,1,0,0,3,0,2.6,2.6,8.3,10.9,128,70,201,0.06,0.83,0.89,0.06,0.89,0.17,0.53,0.7,0.17,0.7,"https://fbref.com/en/players/b19db005/Ousmane-Dembele",NA,"No"
"2021-2022","Barcelona","La Liga","Dani Alves","BRA","DF","38",14,13,1098,12.2,1,3,4,1,0,0,2,1,0.3,0.3,2.3,2.5,33,72,25,0.08,0.25,0.33,0.08,0.33,0.02,0.19,0.21,0.02,0.21,"https://fbref.com/en/players/c9e99e49/Dani-Alves",NA,"No"
"2021-2022","Barcelona","La Liga","Pierre-Emerick Aubameyang","GAB","FW","32",17,13,1082,12,11,1,12,11,0,0,0,0,7.8,7.8,1.1,8.9,16,16,79,0.91,0.08,1,0.91,1,0.65,0.09,0.74,0.65,0.74,"https://fbref.com/en/players/d5dd5f1f/Pierre-Emerick-Aubameyang",NA,"No"
"2021-2022","Barcelona","La Liga","Nicolás González","ESP","MF","19",27,12,1114,12.4,2,1,3,2,0,0,6,0,1.4,1.4,0.8,2.2,37,65,45,0.16,0.08,0.24,0.16,0.24,0.11,0.07,0.18,0.11,0.18,"https://fbref.com/en/players/2c56a792/Nicolas-Gonzalez",NA,"No"
"2021-2022","Barcelona","La Liga","Pedri","ESP","MF","18",12,10,885,9.8,3,1,4,3,0,0,0,0,1.3,1.3,1.2,2.5,23,84,42,0.31,0.1,0.41,0.31,0.41,0.13,0.12,0.25,0.13,0.25,"https://fbref.com/en/players/0d9b2d31/Pedri",NA,"Yes"
"2021-2022","Barcelona","La Liga","Óscar Mingueza","ESP","DF","22",19,9,894,9.9,0,1,1,0,0,0,2,0,0.3,0.3,0.9,1.2,13,43,40,0,0.1,0.1,0,0.1,0.03,0.09,0.12,0.03,0.12,"https://fbref.com/en/players/056269d7/Oscar-Mingueza",NA,"No"
"2021-2022","Barcelona","La Liga","Clément Lenglet","FRA","DF","26",21,7,826,9.2,0,1,1,0,0,0,4,0,0.2,0.2,0.3,0.5,19,80,1,0,0.11,0.11,0,0.11,0.02,0.04,0.05,0.02,0.05,"https://fbref.com/en/players/4f28a6ff/Clement-Lenglet",NA,"No"
"2021-2022","Barcelona","La Liga","Luuk de Jong","NED","FW","30",21,6,654,7.3,6,0,6,6,0,0,1,0,4.6,4.6,0.2,4.8,4,9,48,0.83,0,0.83,0.83,0.83,0.63,0.03,0.67,0.63,0.67,"https://fbref.com/en/players/abb3bb95/Luuk-de-Jong",NA,"No"
"2021-2022","Barcelona","La Liga","Abde Ezzalzouli","MAR","FW","19",10,6,580,6.4,1,0,1,1,0,0,4,0,1.3,1.3,0.9,2.2,47,8,76,0.16,0,0.16,0.16,0.16,0.2,0.14,0.33,0.2,0.33,"https://fbref.com/en/players/bed68338/Abde-Ezzalzouli",NA,"Yes"
"2021-2022","Barcelona","La Liga","Philippe Coutinho","BRA","MF,FW","29",12,5,503,5.6,2,0,2,1,1,1,1,0,3.1,2.3,0.3,2.5,22,35,49,0.36,0,0.36,0.18,0.18,0.55,0.04,0.6,0.41,0.46,"https://fbref.com/en/players/0ef89a37/Philippe-Coutinho",NA,"No"
"2021-2022","Barcelona","La Liga","Sergi Roberto","ESP","MF,DF","29",9,4,400,4.4,2,1,3,2,0,0,1,0,1.5,1.5,0.4,1.9,6,15,15,0.45,0.23,0.68,0.45,0.68,0.33,0.1,0.43,0.33,0.43,"https://fbref.com/en/players/335fa267/Sergi-Roberto",NA,"Yes"
"2021-2022","Barcelona","La Liga","Adama Traoré","ESP","FW","25",11,4,382,4.2,0,2,2,0,0,0,0,0,0.7,0.7,0.9,1.6,34,10,55,0,0.47,0.47,0,0.47,0.16,0.21,0.37,0.16,0.37,"https://fbref.com/en/players/9a28eba4/Adama-Traore",NA,"No"
"2021-2022","Barcelona","La Liga","Ferran Jutglà","ESP","FW","22",6,4,301,3.3,1,0,1,1,0,0,1,0,1.6,1.6,0.2,1.8,10,4,38,0.3,0,0.3,0.3,0.3,0.48,0.07,0.55,0.48,0.55,"https://fbref.com/en/players/2a9f6b4d/Ferran-Jutgla",NA,"No"
"2021-2022","Barcelona","La Liga","Ansu Fati","ESP","FW","18",10,3,336,3.7,4,0,4,4,0,0,0,0,1.3,1.3,0.4,1.8,20,9,49,1.07,0,1.07,1.07,1.07,0.36,0.12,0.47,0.36,0.47,"https://fbref.com/en/players/0ba976e4/Ansu-Fati",NA,"Yes"
"2021-2022","Barcelona","La Liga","Neto","BRA","GK","32",3,3,270,3,0,0,0,0,0,0,0,0,0,0,0,0,0,0,0,0,0,0,0,0,0,0.02,0.02,0,0.02,"https://fbref.com/en/players/a9dc785c/Neto",NA,"No"
"2021-2022","Barcelona","La Liga","Antoine Griezmann","FRA","FW","30",3,3,263,2.9,0,0,0,0,0,0,0,0,0.3,0.3,0,0.3,5,11,15,0,0,0,0,0,0.09,0,0.09,0.09,0.09,"https://fbref.com/en/players/df69b544/Antoine-Griezmann",NA,"No"
"2021-2022","Barcelona","La Liga","Martin Braithwaite","DEN","FW","30",4,3,235,2.6,2,1,3,2,0,0,0,0,0.9,0.9,1.2,2.1,5,4,24,0.77,0.38,1.15,0.77,1.15,0.33,0.46,0.79,0.33,0.79,"https://fbref.com/en/players/fd771f95/Martin-Braithwaite",NA,"No"
"2021-2022","Barcelona","La Liga","Riqui Puig","ESP","MF","21",15,2,487,5.4,1,0,1,1,0,0,0,0,0.7,0.7,0.2,0.9,9,40,24,0.18,0,0.18,0.18,0.18,0.12,0.04,0.16,0.12,0.16,"https://fbref.com/en/players/f090a37a/Riqui-Puig",NA,"No"
"2021-2022","Barcelona","La Liga","Yusuf Demir","AUT","FW","18",6,2,192,2.1,0,0,0,0,0,0,0,0,0.1,0.1,0,0.1,3,3,17,0,0,0,0,0,0.04,0,0.04,0.04,0.04,"https://fbref.com/en/players/fa265f6d/Yusuf-Demir",NA,"No"
"2021-2022","Barcelona","La Liga","Alejandro Balde","ESP","DF,FW","17",5,2,188,2.1,0,0,0,0,0,0,0,0,0,0,0,0.1,9,7,23,0,0,0,0,0,0.01,0.02,0.03,0.01,0.03,"https://fbref.com/en/players/5ccc9672/Alejandro-Balde",NA,"Yes"
"2021-2022","Barcelona","La Liga","Sergio Agüero","ARG","FW","33",4,2,151,1.7,1,0,1,1,0,0,0,0,1,1,0.1,1.1,4,3,13,0.6,0,0.6,0.6,0.6,0.61,0.07,0.68,0.61,0.68,"https://fbref.com/en/players/4d034881/Sergio-Aguero",NA,"No"
"2021-2022","Barcelona","La Liga","Ilias Akhomach","MAR","FW","17",2,2,124,1.4,0,0,0,0,0,0,0,0,0.1,0.1,0.6,0.7,7,11,13,0,0,0,0,0,0.11,0.43,0.54,0.11,0.54,"https://fbref.com/en/players/b8bd60fe/Ilias-Akhomach",NA,"No"
"2021-2022","Barcelona","La Liga","Emerson","BRA","DF","22",3,1,91,1,0,0,0,0,0,0,0,0,0,0,0,0,0,2,4,0,0,0,0,0,0,0,0,0,0,"https://fbref.com/en/players/df8b52a5/Emerson",NA,"No"
"2021-2022","Barcelona","La Liga","Samuel Umtiti","FRA","DF","27",1,1,90,1,0,0,0,0,0,0,1,0,0,0,0,0,3,6,0,0,0,0,0,0,0,0,0,0,0,"https://fbref.com/en/players/3eed9821/Samuel-Umtiti",NA,"No"
"2021-2022","Barcelona","La Liga","Alvaro Sanz","ESP","MF","20",2,0,29,0.3,0,0,0,0,0,0,0,0,0,0,0,0,0,1,0,0,0,0,0,0,0,0.05,0.05,0,0.05,"https://fbref.com/en/players/eaefa2d0/Alvaro-Sanz",NA,"No"
"2021-2022","Barcelona","La Liga","Estanis","ESP","FW","17",1,0,11,0.1,0,0,0,0,0,0,0,0,0,0,0,0,0,0,0,0,0,0,0,0,0,0,0,0,0,"https://fbref.com/en/players/ace50e9f/Estanis",NA,"No"
"2021-2022","Barcelona","La Liga","Mika Màrmol","ESP","DF","19",1,0,1,0,0,0,0,0,0,0,0,0,0,0,0,0,0,0,0,0,0,0,0,0,0,0,0,0,0,"https://fbref.com/en/players/e7630876/Mika-Marmol",NA,"No"
"2021-2022","Barcelona","La Liga","Lazar Carević","MNE","GK","22",0,0,NA,NA,NA,NA,NA,NA,NA,NA,NA,NA,NA,NA,NA,NA,NA,NA,NA,NA,NA,NA,NA,NA,NA,NA,NA,NA,NA,"https://fbref.com/en/players/8804949c/Lazar-Carevic",NA,"No"
"2021-2022","Barcelona","La Liga","Arnau Comas","ESP","DF","21",0,0,NA,NA,NA,NA,NA,NA,NA,NA,NA,NA,NA,NA,NA,NA,NA,NA,NA,NA,NA,NA,NA,NA,NA,NA,NA,NA,NA,"https://fbref.com/en/players/01d45441/Arnau-Comas",NA,"No"
"2021-2022","Barcelona","La Liga","Lucas De Vega","ESP","MF","21",0,0,NA,NA,NA,NA,NA,NA,NA,NA,NA,NA,NA,NA,NA,NA,NA,NA,NA,NA,NA,NA,NA,NA,NA,NA,NA,NA,NA,"https://fbref.com/en/players/f6f469c5/Lucas-De-Vega",NA,"No"
"2021-2022","Barcelona","La Liga","Guillem Jaime","ESP","DF","22",0,0,NA,NA,NA,NA,NA,NA,NA,NA,NA,NA,NA,NA,NA,NA,NA,NA,NA,NA,NA,NA,NA,NA,NA,NA,NA,NA,NA,"https://fbref.com/en/players/3341009a/Guillem-Jaime",NA,"No"
"2021-2022","Barcelona","La Liga","Rey Manaj","ALB","FW","24",0,0,NA,NA,NA,NA,NA,NA,NA,NA,NA,NA,NA,NA,NA,NA,NA,NA,NA,NA,NA,NA,NA,NA,NA,NA,NA,NA,NA,"https://fbref.com/en/players/7703afb6/Rey-Manaj",NA,"No"
"2021-2022","Barcelona","La Liga","Jandro Orellana","ESP","MF","20",0,0,NA,NA,NA,NA,NA,NA,NA,NA,NA,NA,NA,NA,NA,NA,NA,NA,NA,NA,NA,NA,NA,NA,NA,NA,NA,NA,NA,"https://fbref.com/en/players/693e93f1/Jandro-Orellana",NA,"No"
"2021-2022","Barcelona","La Liga","Iñaki Peña","ESP","GK","22",0,0,NA,NA,NA,NA,NA,NA,NA,NA,NA,NA,NA,NA,NA,NA,NA,NA,NA,NA,NA,NA,NA,NA,NA,NA,NA,NA,NA,"https://fbref.com/en/players/cc1c5035/Inaki-Pena",NA,"Yes"
"2021-2022","Barcelona","La Liga","Miralem Pjanić","BIH","MF","31",0,0,NA,NA,NA,NA,NA,NA,NA,NA,NA,NA,NA,NA,NA,NA,NA,NA,NA,NA,NA,NA,NA,NA,NA,NA,NA,NA,NA,"https://fbref.com/en/players/ad6df2d5/Miralem-Pjanic",NA,"No"
"2021-2022","Barcelona","La Liga","Arnau Tenas","ESP","GK","20",0,0,NA,NA,NA,NA,NA,NA,NA,NA,NA,NA,NA,NA,NA,NA,NA,NA,NA,NA,NA,NA,NA,NA,NA,NA,NA,NA,NA,"https://fbref.com/en/players/30670b0e/Arnau-Tenas",NA,"No"
"2022-2023","Barcelona","La Liga","Marc-André ter Stegen","GER","GK","30",NA,38,3347,37.2,0,0,0,0,0,0,0,0,0,0,0.3,0.3,0,4,0,0,0,0,0,0,0,0.01,0.01,0,0.01,"https://fbref.com/en/players/6f51e382/Marc-Andre-ter-Stegen",38,"Yes"
"2022-2023","Barcelona","La Liga","Robert Lewandowski","POL","FW","33",NA,33,2847,31.6,23,7,30,23,0,1,4,1,24.3,23.5,6.3,29.8,52,100,248,0.73,0.22,0.95,0.73,0.95,0.77,0.2,0.97,0.74,0.94,"https://fbref.com/en/players/8d78e732/Robert-Lewandowski",34,"Yes"
"2022-2023","Barcelona","La Liga","Gavi","ESP","MF,FW","17",NA,30,2531,28.1,2,4,6,2,0,0,10,0,3.2,3.2,3.7,6.9,49,134,153,0.07,0.14,0.21,0.07,0.21,0.11,0.13,0.24,0.11,0.24,"https://fbref.com/en/players/19cae58d/Gavi",36,"Yes"
"2022-2023","Barcelona","La Liga","Alejandro Balde","ESP","DF","18",NA,30,2471,27.5,1,6,7,1,0,0,4,0,1.9,1.9,4.9,6.8,96,79,234,0.04,0.22,0.25,0.04,0.25,0.07,0.18,0.25,0.07,0.25,"https://fbref.com/en/players/5ccc9672/Alejandro-Balde",33,"Yes"
"2022-2023","Barcelona","La Liga","Frenkie de Jong","NED","MF","25",NA,29,2534,28.2,2,4,6,2,0,0,3,0,2.4,2.4,4.3,6.7,92,279,83,0.07,0.14,0.21,0.07,0.21,0.09,0.15,0.24,0.09,0.24,"https://fbref.com/en/players/1bacc518/Frenkie-de-Jong",33,"Yes"
"2022-2023","Barcelona","La Liga","Jules Koundé","FRA","DF","23",NA,28,2426,27,1,3,4,1,0,0,2,0,1.1,1.1,2.8,3.9,58,185,61,0.04,0.11,0.15,0.04,0.15,0.04,0.1,0.15,0.04,0.15,"https://fbref.com/en/players/4d1666ff/Jules-Kounde",29,"Yes"
"2022-2023","Barcelona","La Liga","Sergio Busquets","ESP","MF","34",NA,28,2339,26,0,4,4,0,0,0,8,1,0.4,0.4,2.8,3.3,26,254,32,0,0.15,0.15,0,0.15,0.02,0.11,0.13,0.02,0.13,"https://fbref.com/en/players/5ab0ea87/Sergio-Busquets",30,"No"
"2022-2023","Barcelona","La Liga","Raphinha","BRA","FW","25",NA,25,2072,23,7,7,14,7,0,0,9,0,9.3,9.3,9.8,19.1,97,104,339,0.3,0.3,0.61,0.3,0.61,0.41,0.43,0.83,0.41,0.83,"https://fbref.com/en/players/3423f250/Raphinha",36,"Yes"
"2022-2023","Barcelona","La Liga","Pedri","ESP","MF","19",NA,22,1976,22,6,1,7,6,0,0,2,0,4.9,4.9,5,9.9,67,184,99,0.27,0.05,0.32,0.27,0.32,0.22,0.23,0.45,0.22,0.45,"https://fbref.com/en/players/0d9b2d31/Pedri",26,"Yes"
"2022-2023","Barcelona","La Liga","Andreas Christensen","DEN","DF","26",NA,22,1760,19.6,1,1,2,1,0,0,2,0,1,1,0.5,1.5,18,91,5,0.05,0.05,0.1,0.05,0.1,0.05,0.03,0.08,0.05,0.08,"https://fbref.com/en/players/1cb49278/Andreas-Christensen",23,"Yes"
"2022-2023","Barcelona","La Liga","Ronald Araújo","URU","DF","23",NA,21,1800,20,0,2,2,0,0,0,5,1,2.1,2.1,0.8,2.9,29,79,11,0,0.1,0.1,0,0.1,0.1,0.04,0.15,0.1,0.15,"https://fbref.com/en/players/2bef2bca/Ronald-Araujo",22,"Yes"
"2022-2023","Barcelona","La Liga","Ousmane Dembélé","FRA","FW","25",NA,16,1410,15.7,5,7,12,5,0,0,4,0,3.9,3.9,4.9,8.8,124,74,209,0.32,0.45,0.77,0.32,0.77,0.25,0.31,0.56,0.25,0.56,"https://fbref.com/en/players/b19db005/Ousmane-Dembele",25,"No"
"2022-2023","Barcelona","La Liga","Eric García","ESP","DF,MF","21",NA,15,1417,15.7,1,0,1,1,0,0,3,0,1.6,1.6,0.2,1.8,25,105,6,0.06,0,0.06,0.06,0.06,0.1,0.02,0.11,0.1,0.11,"https://fbref.com/en/players/2bed3eab/Eric-Garcia",24,"Yes"
"2022-2023","Barcelona","La Liga","Sergi Roberto","ESP","DF,MF","30",NA,15,1308,14.5,4,1,5,4,0,0,3,0,2.4,2.4,0.9,3.3,47,97,72,0.28,0.07,0.34,0.28,0.34,0.17,0.06,0.23,0.17,0.23,"https://fbref.com/en/players/335fa267/Sergi-Roberto",23,"Yes"
"2022-2023","Barcelona","La Liga","Jordi Alba","ESP","DF","33",NA,14,1419,15.8,2,3,5,2,0,0,6,1,0.8,0.8,6.2,7,42,141,157,0.13,0.19,0.32,0.13,0.32,0.05,0.4,0.44,0.05,0.44,"https://fbref.com/en/players/4601e194/Jordi-Alba",24,"No"
"2022-2023","Barcelona","La Liga","Ferrán Torres","ESP","FW,MF","22",NA,14,1392,15.5,4,2,6,4,0,1,5,1,4.9,4.1,4.1,8.2,43,44,180,0.26,0.13,0.39,0.26,0.39,0.32,0.26,0.58,0.27,0.53,"https://fbref.com/en/players/9e1035f8/Ferran-Torres",33,"Yes"
"2022-2023","Barcelona","La Liga","Ansu Fati","ESP","FW","19",NA,12,1393,15.5,7,3,10,7,0,0,3,0,9.1,9.1,1.7,10.7,47,48,178,0.45,0.19,0.65,0.45,0.65,0.59,0.11,0.69,0.59,0.69,"https://fbref.com/en/players/0ba976e4/Ansu-Fati",36,"Yes"
"2022-2023","Barcelona","La Liga","Marcos Alonso","ESP","DF","31",NA,11,1172,13,1,0,1,1,0,0,3,0,0.9,0.9,0.3,1.2,26,71,12,0.08,0,0.08,0.08,0.08,0.07,0.03,0.09,0.07,0.09,"https://fbref.com/en/players/f4290206/Marcos-Alonso",24,"Yes"
"2022-2023","Barcelona","La Liga","Franck Kessié","CIV","MF","25",NA,7,990,11,1,1,2,1,0,0,4,0,1.8,1.8,0.7,2.5,14,39,43,0.09,0.09,0.18,0.09,0.18,0.16,0.07,0.23,0.16,0.23,"https://fbref.com/en/players/05e19d6a/Franck-Kessie",28,"No"
"2022-2023","Barcelona","La Liga","Gerard Piqué","ESP","DF","35",NA,4,384,4.3,0,0,0,0,0,0,2,1,0.4,0.4,0,0.4,3,35,1,0,0,0,0,0,0.09,0.01,0.09,0.09,0.09,"https://fbref.com/en/players/adfc9123/Gerard-Pique",6,"No"
"2022-2023","Barcelona","La Liga","Memphis","NED","FW","28",NA,2,114,1.3,1,0,1,1,0,0,0,0,0.9,0.9,0.1,1,2,7,19,0.79,0,0.79,0.79,0.79,0.68,0.11,0.79,0.68,0.79,"https://fbref.com/en/players/8f696594/Memphis",2,"No"
"2022-2023","Barcelona","La Liga","Pablo Torre","ESP","FW,MF","19",NA,1,144,1.6,0,0,0,0,0,0,0,0,0,0,0.5,0.5,4,11,16,0,0,0,0,0,0.02,0.3,0.31,0.02,0.31,"https://fbref.com/en/players/04e531b6/Pablo-Torre",8,"No"
"2022-2023","Barcelona","La Liga","Héctor Bellerín","ESP","DF","27",NA,1,143,1.6,0,0,0,0,0,0,0,0,0,0,0.1,0.1,2,13,6,0,0,0,0,0,0,0.06,0.06,0,0.06,"https://fbref.com/en/players/f874dd44/Hector-Bellerin",3,"No"
"2022-2023","Barcelona","La Liga","Iñaki Peña","ESP","GK","23",NA,0,73,0.8,0,0,0,0,0,0,0,0,0,0,0,0,0,0,0,0,0,0,0,0,0,0,0,0,0,"https://fbref.com/en/players/cc1c5035/Inaki-Pena",2,"Yes"
"2022-2023","Barcelona","La Liga","Ángel Alarcón","ESP","FW,MF","18",NA,0,25,0.3,0,0,0,0,0,0,0,0,0,0,0,0,0,1,2,0,0,0,0,0,0.15,0,0.15,0.15,0.15,"https://fbref.com/en/players/455c26a4/Angel-Alarcon",4,"No"
"2022-2023","Barcelona","La Liga","Pierre-Emerick Aubameyang","GAB","FW","33",NA,0,9,0.1,0,0,0,0,0,0,0,0,0.1,0.1,0,0.1,0,0,0,0,0,0,0,0,1.18,0,1.18,1.18,1.18,"https://fbref.com/en/players/d5dd5f1f/Pierre-Emerick-Aubameyang",1,"No"
"2022-2023","Barcelona","La Liga","Lamine Yamal","ESP","FW","15",NA,0,8,0.1,0,0,0,0,0,0,0,0,0.4,0.4,0,0.4,0,2,2,0,0,0,0,0,3.94,0,3.94,3.94,3.94,"https://fbref.com/en/players/82ec26c1/Lamine-Yamal",1,"Yes"
"2022-2023","Barcelona","La Liga","Aleix Garrido","ESP","FW","18",NA,0,7,0.1,0,0,0,0,0,0,0,0,0,0,0,0,0,0,0,0,0,0,0,0,0,0,0,0,0,"https://fbref.com/en/players/5757adc3/Aleix-Garrido",1,"Yes"
"2022-2023","Barcelona","La Liga","Chadi Riad","MAR","MF","19",NA,0,2,0,0,0,0,0,0,0,0,0,0,0,0,0,0,0,0,0,0,0,0,0,0,0,0,0,0,"https://fbref.com/en/players/b3b9b8b8/Chadi-Riad",1,"No"
"2022-2023","Barcelona","La Liga","Arnau Tenas","ESP","GK","21",NA,0,NA,0,0,0,0,0,0,0,1,0,NA,NA,NA,NA,NA,NA,NA,NA,NA,NA,NA,NA,NA,NA,NA,NA,NA,"https://fbref.com/en/players/30670b0e/Arnau-Tenas",0,"No"
"2022-2023","Barcelona","La Liga","Ander Astralaga","ESP","GK","18",NA,0,NA,NA,NA,NA,NA,NA,NA,NA,NA,NA,NA,NA,NA,NA,NA,NA,NA,NA,NA,NA,NA,NA,NA,NA,NA,NA,NA,"https://fbref.com/en/players/031e0283/Ander-Astralaga",0,"Yes"
"2022-2023","Barcelona","La Liga","Marc Casado","ESP","MF","18",NA,0,NA,NA,NA,NA,NA,NA,NA,NA,NA,NA,NA,NA,NA,NA,NA,NA,NA,NA,NA,NA,NA,NA,NA,NA,NA,NA,NA,"https://fbref.com/en/players/2ef08833/Marc-Casado",0,"Yes"
"2022-2023","Barcelona","La Liga","Estanis","ESP","FW","18",NA,0,NA,NA,NA,NA,NA,NA,NA,NA,NA,NA,NA,NA,NA,NA,NA,NA,NA,NA,NA,NA,NA,NA,NA,NA,NA,NA,NA,"https://fbref.com/en/players/ace50e9f/Estanis",0,"No"
"2022-2023","Barcelona","La Liga","Marc Guiu","ESP","FW","16",NA,0,NA,NA,NA,NA,NA,NA,NA,NA,NA,NA,NA,NA,NA,NA,NA,NA,NA,NA,NA,NA,NA,NA,NA,NA,NA,NA,NA,"https://fbref.com/en/players/d3d774cc/Marc-Guiu",0,"Yes"
"2022-2023","Barcelona","La Liga","Unai Hernandez","ESP","MF","17",NA,0,NA,NA,NA,NA,NA,NA,NA,NA,NA,NA,NA,NA,NA,NA,NA,NA,NA,NA,NA,NA,NA,NA,NA,NA,NA,NA,NA,"https://fbref.com/en/players/5e39ce2c/Unai-Hernandez",0,"Yes"
"2022-2023","Barcelona","La Liga","Miralem Pjanić","BIH","MF","32",NA,0,NA,NA,NA,NA,NA,NA,NA,NA,NA,NA,NA,NA,NA,NA,NA,NA,NA,NA,NA,NA,NA,NA,NA,NA,NA,NA,NA,"https://fbref.com/en/players/ad6df2d5/Miralem-Pjanic",0,"No"
"2022-2023","Barcelona","La Liga","Pau Prim","ESP","MF","16",NA,0,NA,NA,NA,NA,NA,NA,NA,NA,NA,NA,NA,NA,NA,NA,NA,NA,NA,NA,NA,NA,NA,NA,NA,NA,NA,NA,NA,"https://fbref.com/en/players/9597e6d4/Pau-Prim",0,"Yes"
"2022-2023","Barcelona","La Liga","Daniel Rodriguez","ESP","MF","16",NA,0,NA,NA,NA,NA,NA,NA,NA,NA,NA,NA,NA,NA,NA,NA,NA,NA,NA,NA,NA,NA,NA,NA,NA,NA,NA,NA,NA,"https://fbref.com/en/players/f9cbad15/Daniel-Rodriguez",0,"No"
"2023-2024","Barcelona","La Liga","İlkay Gündoğan","GER","MF","32",NA,33,2994,33.3,5,9,14,4,1,2,5,0,7.3,5.7,10.3,16,71,224,116,0.15,0.27,0.42,0.12,0.39,0.22,0.31,0.53,0.17,0.48,"https://fbref.com/en/players/819b3158/Ilkay-Gundogan",36,"Yes"
"2023-2024","Barcelona","La Liga","Jules Koundé","FRA","DF","24",NA,32,2899,32.2,1,2,3,1,0,0,4,0,2,2,2.2,4.2,67,245,64,0.03,0.06,0.09,0.03,0.09,0.06,0.07,0.13,0.06,0.13,"https://fbref.com/en/players/4d1666ff/Jules-Kounde",35,"Yes"
"2023-2024","Barcelona","La Liga","Robert Lewandowski","POL","FW","34",NA,32,2750,30.6,19,8,27,15,4,4,5,0,18.1,15,4.9,19.9,43,64,168,0.62,0.26,0.88,0.49,0.75,0.59,0.16,0.75,0.49,0.65,"https://fbref.com/en/players/8d78e732/Robert-Lewandowski",35,"Yes"
"2023-2024","Barcelona","La Liga","João Cancelo","POR","DF","29",NA,29,2503,27.8,2,4,6,2,0,0,7,0,1.6,1.6,6.1,7.7,106,141,193,0.07,0.14,0.22,0.07,0.22,0.06,0.22,0.28,0.06,0.28,"https://fbref.com/en/players/bd6351cd/Joao-Cancelo",32,"Yes"
"2023-2024","Barcelona","La Liga","Marc-André ter Stegen","GER","GK","31",NA,28,2520,28,0,0,0,0,0,0,3,0,0,0,0.1,0.1,0,1,0,0,0,0,0,0,0,0,0,0,0,"https://fbref.com/en/players/6f51e382/Marc-Andre-ter-Stegen",28,"Yes"
"2023-2024","Barcelona","La Liga","Andreas Christensen","DEN","DF,MF","27",NA,27,1979,22,2,2,4,2,0,0,4,0,1,1,1.1,2.2,24,117,6,0.09,0.09,0.18,0.09,0.18,0.05,0.05,0.1,0.05,0.1,"https://fbref.com/en/players/1cb49278/Andreas-Christensen",30,"Yes"
"2023-2024","Barcelona","La Liga","Lamine Yamal","ESP","FW","16",NA,22,2201,24.5,5,5,10,5,0,0,3,0,5.2,5.2,6.2,11.4,123,80,350,0.2,0.2,0.41,0.2,0.41,0.21,0.25,0.47,0.21,0.47,"https://fbref.com/en/players/82ec26c1/Lamine-Yamal",37,"Yes"
"2023-2024","Barcelona","La Liga","Ronald Araújo","URU","DF","24",NA,21,1997,22.2,1,2,3,1,0,0,6,0,2.1,2.1,1.4,3.5,24,101,11,0.05,0.09,0.14,0.05,0.14,0.09,0.07,0.16,0.09,0.16,"https://fbref.com/en/players/2bef2bca/Ronald-Araujo",25,"Yes"
"2023-2024","Barcelona","La Liga","Frenkie de Jong","NED","MF","26",NA,20,1634,18.2,2,0,2,2,0,0,7,0,0.7,0.7,2.2,2.9,69,168,38,0.11,0,0.11,0.11,0.11,0.04,0.12,0.16,0.04,0.16,"https://fbref.com/en/players/1bacc518/Frenkie-de-Jong",20,"Yes"
"2023-2024","Barcelona","La Liga","Pau Cubarsí","ESP","DF","16",NA,18,1558,17.3,0,0,0,0,0,0,4,0,0.1,0.1,0.4,0.5,8,75,2,0,0,0,0,0,0.01,0.02,0.03,0.01,0.03,"https://fbref.com/en/players/cc7888f3/Pau-Cubarsi",19,"Yes"
"2023-2024","Barcelona","La Liga","João Félix","POR","FW","23",NA,18,1540,17.1,7,3,10,7,0,0,3,0,8.7,8.7,3.1,11.9,69,68,169,0.41,0.18,0.58,0.41,0.58,0.51,0.18,0.69,0.51,0.69,"https://fbref.com/en/players/8aafd64f/Joao-Felix",30,"Yes"
"2023-2024","Barcelona","La Liga","Raphinha","BRA","FW,MF","26",NA,17,1368,15.2,6,9,15,5,1,1,4,1,7.4,6.6,5.7,12.3,49,57,164,0.39,0.59,0.99,0.33,0.92,0.48,0.37,0.86,0.43,0.81,"https://fbref.com/en/players/3423f250/Raphinha",28,"Yes"
"2023-2024","Barcelona","La Liga","Pedri","ESP","MF,FW","20",NA,16,1476,16.4,4,2,6,4,0,0,3,0,3.1,3.1,4.2,7.3,41,136,81,0.24,0.12,0.37,0.24,0.37,0.19,0.25,0.44,0.19,0.44,"https://fbref.com/en/players/0d9b2d31/Pedri",24,"Yes"
"2023-2024","Barcelona","La Liga","Alejandro Balde","ESP","DF","19",NA,15,1378,15.3,0,1,1,0,0,0,1,0,0.1,0.1,1.2,1.4,73,41,141,0,0.07,0.07,0,0.07,0.01,0.08,0.09,0.01,0.09,"https://fbref.com/en/players/5ccc9672/Alejandro-Balde",18,"Yes"
"2023-2024","Barcelona","La Liga","Fermin López","ESP","MF,FW","20",NA,14,1446,16.1,8,0,8,8,0,0,2,0,7.5,7.5,1.1,8.6,42,76,93,0.5,0,0.5,0.5,0.5,0.47,0.07,0.54,0.47,0.54,"https://fbref.com/en/players/c1fe5f0b/Fermin-Lopez",31,"Yes"
"2023-2024","Barcelona","La Liga","Iñigo Martínez","ESP","DF","32",NA,13,1296,14.4,0,0,0,0,0,0,5,0,0.4,0.4,0,0.4,33,97,5,0,0,0,0,0,0.03,0,0.03,0.03,0.03,"https://fbref.com/en/players/3fc45c73/Inigo-Martinez",20,"Yes"
"2023-2024","Barcelona","La Liga","Ferrán Torres","ESP","FW","23",NA,12,1211,13.5,7,2,9,7,0,0,2,0,5.5,5.5,2.7,8.2,30,44,113,0.52,0.15,0.67,0.52,0.67,0.41,0.2,0.61,0.41,0.61,"https://fbref.com/en/players/9e1035f8/Ferran-Torres",29,"Yes"
"2023-2024","Barcelona","La Liga","Oriol Romeu","ESP","MF","31",NA,11,936,10.4,0,1,1,0,0,0,4,0,0.7,0.7,1.3,2,12,66,4,0,0.1,0.1,0,0.1,0.07,0.12,0.19,0.07,0.19,"https://fbref.com/en/players/4b511457/Oriol-Romeu",28,"Yes"
"2023-2024","Barcelona","La Liga","Gavi","ESP","MF,FW","18",NA,10,944,10.5,1,1,2,1,0,0,5,0,0.9,0.9,1.1,2,26,39,38,0.1,0.1,0.19,0.1,0.19,0.09,0.1,0.19,0.09,0.19,"https://fbref.com/en/players/19cae58d/Gavi",12,"Yes"
"2023-2024","Barcelona","La Liga","Iñaki Peña","ESP","GK","24",NA,10,900,10,0,0,0,0,0,0,0,0,0,0,0,0,0,0,0,0,0,0,0,0,0,0,0,0,0,"https://fbref.com/en/players/cc1c5035/Inaki-Pena",10,"Yes"
"2023-2024","Barcelona","La Liga","Sergi Roberto","ESP","MF,DF","31",NA,10,860,9.6,3,2,5,3,0,0,4,0,1.7,1.7,0.8,2.4,13,50,33,0.31,0.21,0.52,0.31,0.52,0.18,0.08,0.26,0.18,0.26,"https://fbref.com/en/players/335fa267/Sergi-Roberto",14,"Yes"
"2023-2024","Barcelona","La Liga","Héctor Fort","ESP","DF","16",NA,4,318,3.5,0,2,2,0,0,0,0,0,0,0,0.8,0.8,3,7,38,0,0.57,0.57,0,0.57,0,0.23,0.23,0,0.23,"https://fbref.com/en/players/2e31f3a6/Hector-Fort",7,"Yes"
"2023-2024","Barcelona","La Liga","Marcos Alonso","ESP","DF","32",NA,3,252,2.8,0,0,0,0,0,0,0,0,0.1,0.1,0.5,0.6,11,14,33,0,0,0,0,0,0.03,0.18,0.21,0.03,0.21,"https://fbref.com/en/players/f4290206/Marcos-Alonso",5,"Yes"
"2023-2024","Barcelona","La Liga","Vitor Roque","BRA","FW","18",NA,2,328,3.6,2,0,2,2,0,0,4,1,2.5,2.5,0,2.6,12,2,26,0.55,0,0.55,0.55,0.55,0.7,0.01,0.71,0.7,0.71,"https://fbref.com/en/players/cb00f1e6/Vitor-Roque",14,"Yes"
"2023-2024","Barcelona","La Liga","Marc Guiu","ESP","FW,MF","17",NA,1,74,0.8,1,0,1,1,0,0,1,0,0.8,0.8,0.3,1,1,1,8,1.22,0,1.22,1.22,1.22,0.92,0.32,1.24,0.92,1.24,"https://fbref.com/en/players/d3d774cc/Marc-Guiu",3,"Yes"
"2023-2024","Barcelona","La Liga","Abde Ezzalzouli","MAR","FW,MF","21",NA,0,68,0.8,0,0,0,0,0,0,0,0,0.2,0.2,0.1,0.3,7,1,12,0,0,0,0,0,0.28,0.09,0.37,0.28,0.37,"https://fbref.com/en/players/bed68338/Abde-Ezzalzouli",2,"Yes"
"2023-2024","Barcelona","La Liga","Eric García","ESP","DF","22",NA,0,57,0.6,0,0,0,0,0,0,1,0,0,0,0,0,0,5,0,0,0,0,0,0,0.07,0,0.07,0.07,0.07,"https://fbref.com/en/players/2bed3eab/Eric-Garcia",2,"Yes"
"2023-2024","Barcelona","La Liga","Ansu Fati","ESP","MF,FW","20",NA,0,50,0.6,0,0,0,0,0,0,0,0,0.7,0.7,0,0.7,6,4,5,0,0,0,0,0,1.34,0,1.34,1.34,1.34,"https://fbref.com/en/players/0ba976e4/Ansu-Fati",3,"Yes"
"2023-2024","Barcelona","La Liga","Marc Casado","ESP","MF","19",NA,0,15,0.2,0,0,0,0,0,0,0,0,0,0,0,0,1,1,0,0,0,0,0,0,0,0,0,0,0,"https://fbref.com/en/players/2ef08833/Marc-Casado",2,"Yes"
"2023-2024","Barcelona","La Liga","Ander Astralaga","ESP","GK","19",NA,0,NA,NA,NA,NA,NA,NA,NA,NA,NA,NA,NA,NA,NA,NA,NA,NA,NA,NA,NA,NA,NA,NA,NA,NA,NA,NA,NA,"https://fbref.com/en/players/031e0283/Ander-Astralaga",0,"Yes"
"2023-2024","Barcelona","La Liga","Aleix Garrido","ESP","MF","19",NA,0,NA,NA,NA,NA,NA,NA,NA,NA,NA,NA,NA,NA,NA,NA,NA,NA,NA,NA,NA,NA,NA,NA,NA,NA,NA,NA,NA,"https://fbref.com/en/players/5757adc3/Aleix-Garrido",0,"Yes"
"2023-2024","Barcelona","La Liga","Unai Hernandez","ESP","MF","18",NA,0,NA,NA,NA,NA,NA,NA,NA,NA,NA,NA,NA,NA,NA,NA,NA,NA,NA,NA,NA,NA,NA,NA,NA,NA,NA,NA,NA,"https://fbref.com/en/players/5e39ce2c/Unai-Hernandez",0,"Yes"
"2023-2024","Barcelona","La Liga","Diego Kochen","USA","GK","17",NA,0,NA,NA,NA,NA,NA,NA,NA,NA,NA,NA,NA,NA,NA,NA,NA,NA,NA,NA,NA,NA,NA,NA,NA,NA,NA,NA,NA,"https://fbref.com/en/players/497144d6/Diego-Kochen",0,"Yes"
"2023-2024","Barcelona","La Liga","Mikayil Ngor Faye","SEN","MF","19",NA,0,NA,NA,NA,NA,NA,NA,NA,NA,NA,NA,NA,NA,NA,NA,NA,NA,NA,NA,NA,NA,NA,NA,NA,NA,NA,NA,NA,"https://fbref.com/en/players/b37ae816/Mikayil-Ngor-Faye",0,"Yes"
"2023-2024","Barcelona","La Liga","Pau Prim","ESP","MF","17",NA,0,NA,NA,NA,NA,NA,NA,NA,NA,NA,NA,NA,NA,NA,NA,NA,NA,NA,NA,NA,NA,NA,NA,NA,NA,NA,NA,NA,"https://fbref.com/en/players/9597e6d4/Pau-Prim",0,"Yes"
"2023-2024","Barcelona","La Liga","Pau Victor Delgado","ESP","FW","21",NA,0,NA,NA,NA,NA,NA,NA,NA,NA,NA,NA,NA,NA,NA,NA,NA,NA,NA,NA,NA,NA,NA,NA,NA,NA,NA,NA,NA,"https://fbref.com/en/players/e6e7c819/Pau-Victor-Delgado",0,"Yes"
"2023-2024","Barcelona","La Liga","Áron Yaakobishvili","HUN","GK","17",NA,0,NA,NA,NA,NA,NA,NA,NA,NA,NA,NA,NA,NA,NA,NA,NA,NA,NA,NA,NA,NA,NA,NA,NA,NA,NA,NA,NA,"https://fbref.com/en/players/0b8c9180/Aron-Yaakobishvili",0,"Yes"
"2021-2022","Real Madrid","La Liga","Thibaut Courtois","BEL","GK","29",NA,36,3240,36,0,0,0,0,0,0,1,0,0,0,0,0,0,1,0,0,0,0,0,0,0,0,0,0,0,"https://fbref.com/en/players/1840e36d/Thibaut-Courtois",36,"Yes"
"2021-2022","Real Madrid","La Liga","Éder Militão","BRA","DF","23",NA,34,3031,33.7,1,2,3,1,0,0,5,0,2.5,2.5,1.1,3.5,22,102,15,0.03,0.06,0.09,0.03,0.09,0.07,0.03,0.11,0.07,0.11,"https://fbref.com/en/players/2784f898/Eder-Militao",34,"Yes"
"2021-2022","Real Madrid","La Liga","Karim Benzema","FRA","FW","33",NA,31,2593,28.8,27,12,39,20,7,11,0,0,23.7,15.1,7.9,23,88,177,252,0.94,0.42,1.35,0.69,1.11,0.83,0.28,1.1,0.52,0.8,"https://fbref.com/en/players/70d74ece/Karim-Benzema",32,"No"
"2021-2022","Real Madrid","La Liga","Casemiro","BRA","MF","29",NA,31,2569,28.5,1,3,4,1,0,0,11,0,2.5,2.5,2.8,5.3,23,162,30,0.04,0.11,0.14,0.04,0.14,0.09,0.1,0.19,0.09,0.19,"https://fbref.com/en/players/4d224fe8/Casemiro",32,"No"
"2021-2022","Real Madrid","La Liga","Vinicius Júnior","BRA","FW","21",NA,30,2690,29.9,17,10,27,17,0,0,6,0,12.3,12.3,8,20.3,225,123,485,0.57,0.33,0.9,0.57,0.9,0.41,0.27,0.68,0.41,0.68,"https://fbref.com/en/players/7111d552/Vinicius-Junior",35,"Yes"
"2021-2022","Real Madrid","La Liga","David Alaba","AUT","DF","29",NA,30,2642,29.4,2,3,5,2,0,0,2,0,1.6,1.6,2.2,3.8,40,154,76,0.07,0.1,0.17,0.07,0.17,0.06,0.07,0.13,0.06,0.13,"https://fbref.com/en/players/05439de2/David-Alaba",30,"Yes"
"2021-2022","Real Madrid","La Liga","Toni Kroos","GER","MF","31",NA,25,2103,23.4,1,3,4,1,0,0,4,0,2.2,2.2,3.2,5.4,40,277,38,0.04,0.13,0.17,0.04,0.17,0.09,0.14,0.23,0.09,0.23,"https://fbref.com/en/players/6ce1f46f/Toni-Kroos",28,"Yes"
"2021-2022","Real Madrid","La Liga","Luka Modrić","CRO","MF","35",NA,25,2032,22.6,2,8,10,1,1,1,4,0,2.5,1.7,5.2,6.8,67,221,87,0.09,0.35,0.44,0.04,0.4,0.11,0.23,0.34,0.07,0.3,"https://fbref.com/en/players/6025fab1/Luka-Modric",28,"Yes"
"2021-2022","Real Madrid","La Liga","Lucas Vázquez","ESP","DF","30",NA,20,1833,20.4,3,0,3,3,0,0,3,0,2.2,2.2,2.5,4.7,58,108,156,0.15,0,0.15,0.15,0.15,0.11,0.12,0.23,0.11,0.23,"https://fbref.com/en/players/fd51b456/Lucas-Vazquez",29,"Yes"
"2021-2022","Real Madrid","La Liga","Ferland Mendy","FRA","DF","26",NA,20,1734,19.3,2,1,3,2,0,0,4,0,1,1,1.4,2.5,71,99,116,0.1,0.05,0.16,0.1,0.16,0.05,0.08,0.13,0.05,0.13,"https://fbref.com/en/players/3cefcaef/Ferland-Mendy",22,"Yes"
"2021-2022","Real Madrid","La Liga","Federico Valverde","URU","MF","23",NA,19,1833,20.4,0,1,1,0,0,0,2,0,0.9,0.9,1.7,2.6,76,129,86,0,0.05,0.05,0,0.05,0.05,0.08,0.13,0.05,0.13,"https://fbref.com/en/players/0959c2a2/Federico-Valverde",31,"Yes"
"2021-2022","Real Madrid","La Liga","Marco Asensio","ESP","FW,MF","25",NA,19,1731,19.2,10,0,10,10,0,0,2,0,7.5,7.5,2.4,9.9,56,80,143,0.52,0,0.52,0.52,0.52,0.39,0.13,0.52,0.39,0.52,"https://fbref.com/en/players/45af8a54/Marco-Asensio",31,"No"
"2021-2022","Real Madrid","La Liga","Nacho","ESP","DF","31",NA,17,1555,17.3,3,0,3,3,0,0,7,0,1.3,1.3,0.3,1.7,15,59,10,0.17,0,0.17,0.17,0.17,0.08,0.02,0.1,0.08,0.1,"https://fbref.com/en/players/2946f9a1/Nacho",28,"Yes"
"2021-2022","Real Madrid","La Liga","Dani Carvajal","ESP","DF","29",NA,17,1551,17.2,1,3,4,1,0,0,1,0,0.5,0.5,2.4,2.9,29,73,108,0.06,0.17,0.23,0.06,0.23,0.03,0.14,0.17,0.03,0.17,"https://fbref.com/en/players/4958bfb2/Dani-Carvajal",24,"Yes"
"2021-2022","Real Madrid","La Liga","Rodrygo","BRA","FW","20",NA,17,1523,16.9,4,4,8,4,0,0,4,0,3.4,3.4,2.4,5.8,76,49,194,0.24,0.24,0.47,0.24,0.47,0.2,0.14,0.34,0.2,0.34,"https://fbref.com/en/players/8f5e92a6/Rodrygo",33,"Yes"
"2021-2022","Real Madrid","La Liga","Eduardo Camavinga","FRA","MF","18",NA,13,1236,13.7,2,1,3,2,0,0,8,0,1.2,1.2,1,2.2,30,79,33,0.15,0.07,0.22,0.15,0.22,0.09,0.07,0.16,0.09,0.16,"https://fbref.com/en/players/7b9c2d84/Eduardo-Camavinga",26,"Yes"
"2021-2022","Real Madrid","La Liga","Eden Hazard","BEL","FW,MF","30",NA,7,717,8,0,1,1,0,0,0,3,0,1,1,2,3,41,34,99,0,0.13,0.13,0,0.13,0.13,0.25,0.38,0.13,0.38,"https://fbref.com/en/players/a39bb753/Eden-Hazard",18,"No"
"2021-2022","Real Madrid","La Liga","Marcelo","BRA","DF","33",NA,5,525,5.8,0,2,2,0,0,0,0,0,0.2,0.2,0.7,0.9,17,47,47,0,0.34,0.34,0,0.34,0.04,0.11,0.15,0.04,0.15,"https://fbref.com/en/players/603116a7/Marcelo",12,"No"
"2021-2022","Real Madrid","La Liga","Jesús Vallejo","ESP","DF","24",NA,4,341,3.8,0,0,0,0,0,0,1,0,0,0,0,0,0,1,0,0,0,0,0,0,0,0.01,0.01,0,0.01,"https://fbref.com/en/players/c2111b45/Jesus-Vallejo",5,"No"
"2021-2022","Real Madrid","La Liga","Gareth Bale","WAL","FW","32",NA,4,280,3.1,1,0,1,1,0,0,2,0,1.2,1.2,0.1,1.3,6,8,10,0.32,0,0.32,0.32,0.32,0.39,0.03,0.42,0.39,0.42,"https://fbref.com/en/players/a58bb1e1/Gareth-Bale",5,"No"
"2021-2022","Real Madrid","La Liga","Mariano","DOM","FW","27",NA,3,342,3.8,1,1,2,1,0,0,2,0,1.8,1.8,0.8,2.6,10,5,19,0.26,0.26,0.53,0.26,0.53,0.47,0.21,0.68,0.47,0.68,"https://fbref.com/en/players/5c4dc0ff/Mariano",9,"No"
"2021-2022","Real Madrid","La Liga","Isco","ESP","MF,FW","29",NA,3,331,3.7,1,0,1,1,0,0,1,0,0.7,0.7,1.4,2.2,16,42,17,0.27,0,0.27,0.27,0.27,0.2,0.39,0.59,0.2,0.59,"https://fbref.com/en/players/a0b4bb3e/Isco",14,"No"
"2021-2022","Real Madrid","La Liga","Miguel Gutiérrez","ESP","DF","20",NA,3,260,2.9,0,1,1,0,0,0,1,0,0,0,0.4,0.4,9,18,10,0,0.35,0.35,0,0.35,0,0.14,0.14,0,0.14,"https://fbref.com/en/players/7e98cff1/Miguel-Gutierrez",3,"No"
"2021-2022","Real Madrid","La Liga","Dani Ceballos","ESP","MF","24",NA,2,276,3.1,0,0,0,0,0,0,1,0,0.7,0.7,0.2,0.9,6,20,8,0,0,0,0,0,0.23,0.05,0.28,0.22,0.28,"https://fbref.com/en/players/c0617e2b/Dani-Ceballos",11,"Yes"
"2021-2022","Real Madrid","La Liga","Andriy Lunin","UKR","GK","22",NA,2,180,2,0,0,0,0,0,0,0,0,0,0,0,0,0,0,0,0,0,0,0,0,0,0,0,0,0,"https://fbref.com/en/players/3061e1ec/Andriy-Lunin",2,"Yes"
"2021-2022","Real Madrid","La Liga","Luka Jović","SRB","FW","23",NA,1,369,4.1,1,3,4,1,0,0,1,0,2.3,2.3,0.8,3.1,4,7,17,0.24,0.73,0.98,0.24,0.98,0.56,0.2,0.76,0.56,0.76,"https://fbref.com/en/players/4d8cd038/Luka-Jovic",15,"No"
"2021-2022","Real Madrid","La Liga","Antonio Blanco","ESP","MF","21",NA,0,31,0.3,0,0,0,0,0,0,0,0,0,0,0,0,1,1,0,0,0,0,0,0,0,0,0,0,0,"https://fbref.com/en/players/506daeac/Antonio-Blanco",1,"No"
"2021-2022","Real Madrid","La Liga","Peter Federico","DOM","MF,DF","19",NA,0,27,0.3,0,0,0,0,0,0,0,0,0.1,0.1,0.2,0.3,3,1,3,0,0,0,0,0,0.22,0.7,0.92,0.22,0.92,"https://fbref.com/en/players/1ccd3dae/Peter-Federico",3,"No"
"2021-2022","Real Madrid","La Liga","Mario Gila","ESP","DF","20",NA,0,25,0.3,0,0,0,0,0,0,0,0,0,0,0,0,0,1,0,0,0,0,0,0,0,0,0,0,0,"https://fbref.com/en/players/9c435456/Mario-Gila",2,"No"
"2021-2022","Real Madrid","La Liga","Sergio Santos","ESP","DF","20",NA,0,11,0.1,0,0,0,0,0,0,0,0,0,0,0.1,0.1,0,0,1,0,0,0,0,0,0,0.56,0.56,0,0.56,"https://fbref.com/en/players/cf59e05f/Sergio-Santos",1,"No"
"2021-2022","Real Madrid","La Liga","Juanmi Latasa","ESP","FW","20",NA,0,9,0.1,0,0,0,0,0,0,0,0,0.1,0.1,0,0.1,0,0,1,0,0,0,0,0,0.64,0,0.64,0.64,0.64,"https://fbref.com/en/players/2bea832e/Juanmi-Latasa",1,"No"
"2021-2022","Real Madrid","La Liga","Toni Fuidias","ESP","GK","20",NA,0,NA,NA,NA,NA,NA,NA,NA,NA,NA,NA,NA,NA,NA,NA,NA,NA,NA,NA,NA,NA,NA,NA,NA,NA,NA,NA,NA,"https://fbref.com/en/players/33d2c795/Toni-Fuidias",0,"No"
"2021-2022","Real Madrid","La Liga","Luis López","ESP","GK","20",NA,0,NA,NA,NA,NA,NA,NA,NA,NA,NA,NA,NA,NA,NA,NA,NA,NA,NA,NA,NA,NA,NA,NA,NA,NA,NA,NA,NA,"https://fbref.com/en/players/ccb491d0/Luis-Lopez",0,"No"
"2021-2022","Real Madrid","La Liga","Rafa Marín","ESP","DF","19",NA,0,NA,NA,NA,NA,NA,NA,NA,NA,NA,NA,NA,NA,NA,NA,NA,NA,NA,NA,NA,NA,NA,NA,NA,NA,NA,NA,NA,"https://fbref.com/en/players/3239a8ed/Rafa-Marin",0,"No"
"2021-2022","Real Madrid","La Liga","Álvaro Odriozola","ESP","DF","25",NA,0,NA,NA,NA,NA,NA,NA,NA,NA,NA,NA,NA,NA,NA,NA,NA,NA,NA,NA,NA,NA,NA,NA,NA,NA,NA,NA,NA,"https://fbref.com/en/players/1d1691ad/Alvaro-Odriozola",0,"Yes"
"2021-2022","Real Madrid","La Liga","Diego Piñeiro","ESP","GK","17",NA,0,NA,NA,NA,NA,NA,NA,NA,NA,NA,NA,NA,NA,NA,NA,NA,NA,NA,NA,NA,NA,NA,NA,NA,NA,NA,NA,NA,"https://fbref.com/en/players/ef6a4afe/Diego-Pineiro",0,"Yes"
"2022-2023","Real Madrid","La Liga","Vinicius Júnior","BRA","FW","22",NA,32,2823,31.4,10,9,19,10,0,0,10,1,10.5,10.5,9.4,19.9,221,87,495,0.32,0.29,0.61,0.32,0.61,0.34,0.3,0.63,0.34,0.63,"https://fbref.com/en/players/7111d552/Vinicius-Junior",33,"Yes"
"2022-2023","Real Madrid","La Liga","Thibaut Courtois","BEL","GK","30",NA,31,2790,31,0,0,0,0,0,0,0,0,0,0,0.4,0.4,0,0,0,0,0,0,0,0,0,0.01,0.01,0,0.01,"https://fbref.com/en/players/1840e36d/Thibaut-Courtois",31,"Yes"
"2022-2023","Real Madrid","La Liga","Éder Militão","BRA","DF","24",NA,30,2703,30,5,0,5,5,0,0,4,0,2.4,2.4,0.6,2.9,28,98,16,0.17,0,0.17,0.17,0.17,0.08,0.02,0.1,0.08,0.1,"https://fbref.com/en/players/2784f898/Eder-Militao",33,"Yes"
"2022-2023","Real Madrid","La Liga","Federico Valverde","URU","MF,FW","24",NA,29,2502,27.8,7,4,11,7,0,0,2,0,4.3,4.3,6.3,10.6,70,151,135,0.25,0.14,0.4,0.25,0.4,0.15,0.23,0.38,0.15,0.38,"https://fbref.com/en/players/0959c2a2/Federico-Valverde",34,"Yes"
"2022-2023","Real Madrid","La Liga","Antonio Rüdiger","GER","DF","29",NA,26,2415,26.8,1,0,1,1,0,0,1,0,1.8,1.8,0.1,1.9,21,59,10,0.04,0,0.04,0.04,0.04,0.07,0,0.07,0.07,0.07,"https://fbref.com/en/players/18b896d6/Antonio-Rudiger",33,"Yes"
"2022-2023","Real Madrid","La Liga","Rodrygo","BRA","FW,MF","21",NA,25,2379,26.4,9,8,17,8,1,1,4,0,13.7,12.9,7,19.9,146,81,268,0.34,0.3,0.64,0.3,0.61,0.52,0.26,0.78,0.49,0.75,"https://fbref.com/en/players/8f5e92a6/Rodrygo",34,"Yes"
"2022-2023","Real Madrid","La Liga","Toni Kroos","GER","MF","32",NA,25,2155,23.9,2,4,6,2,0,0,2,1,1.4,1.4,4.4,5.9,51,319,38,0.08,0.17,0.25,0.08,0.25,0.06,0.19,0.24,0.06,0.24,"https://fbref.com/en/players/6ce1f46f/Toni-Kroos",30,"Yes"
"2022-2023","Real Madrid","La Liga","Aurélien Tchouaméni","FRA","MF","22",NA,24,2119,23.5,0,4,4,0,0,0,2,0,1.8,1.8,2.2,4,41,142,23,0,0.17,0.17,0,0.17,0.08,0.09,0.17,0.08,0.17,"https://fbref.com/en/players/4f255115/Aurelien-Tchouameni",33,"Yes"
"2022-2023","Real Madrid","La Liga","Karim Benzema","FRA","FW","34",NA,24,2038,22.6,19,3,22,12,7,8,1,0,21.5,14.9,5.8,20.7,72,138,157,0.84,0.13,0.97,0.53,0.66,0.95,0.26,1.2,0.66,0.91,"https://fbref.com/en/players/70d74ece/Karim-Benzema",24,"No"
"2022-2023","Real Madrid","La Liga","Eduardo Camavinga","FRA","MF,DF","19",NA,21,2010,22.3,0,1,1,0,0,0,6,0,0.8,0.8,1.5,2.3,69,165,99,0,0.04,0.04,0,0.04,0.04,0.07,0.1,0.04,0.1,"https://fbref.com/en/players/7b9c2d84/Eduardo-Camavinga",37,"Yes"
"2022-2023","Real Madrid","La Liga","David Alaba","AUT","DF","30",NA,21,1838,20.4,1,3,4,1,0,0,3,0,0.8,0.8,1.1,1.9,16,67,60,0.05,0.15,0.2,0.05,0.2,0.04,0.05,0.09,0.04,0.09,"https://fbref.com/en/players/05439de2/David-Alaba",23,"Yes"
"2022-2023","Real Madrid","La Liga","Dani Carvajal","ESP","DF","30",NA,20,1784,19.8,0,2,2,0,0,0,8,1,0.8,0.8,2,2.8,22,58,147,0,0.1,0.1,0,0.1,0.04,0.1,0.14,0.04,0.14,"https://fbref.com/en/players/4958bfb2/Dani-Carvajal",27,"Yes"
"2022-2023","Real Madrid","La Liga","Luka Modrić","CRO","MF","36",NA,19,1744,19.4,4,3,7,3,1,1,7,0,4.2,3.4,4.5,8,50,182,87,0.21,0.15,0.36,0.15,0.31,0.22,0.23,0.45,0.18,0.41,"https://fbref.com/en/players/6025fab1/Luka-Modric",33,"Yes"
"2022-2023","Real Madrid","La Liga","Dani Ceballos","ESP","MF","25",NA,19,1564,17.4,0,4,4,0,0,0,8,0,0.9,0.9,2.1,3,60,204,60,0,0.23,0.23,0,0.23,0.05,0.12,0.17,0.05,0.17,"https://fbref.com/en/players/c0617e2b/Dani-Ceballos",30,"Yes"
"2022-2023","Real Madrid","La Liga","Nacho","ESP","DF","32",NA,18,1637,18.2,1,1,2,1,0,0,7,0,0.8,0.8,0.9,1.7,18,75,34,0.05,0.05,0.11,0.05,0.11,0.04,0.05,0.09,0.04,0.09,"https://fbref.com/en/players/2946f9a1/Nacho",27,"Yes"
"2022-2023","Real Madrid","La Liga","Ferland Mendy","FRA","DF","27",NA,17,1351,15,0,1,1,0,0,0,2,0,0.3,0.3,0.6,0.9,23,56,73,0,0.07,0.07,0,0.07,0.02,0.04,0.06,0.02,0.06,"https://fbref.com/en/players/3cefcaef/Ferland-Mendy",18,"Yes"
"2022-2023","Real Madrid","La Liga","Marco Asensio","ESP","FW,MF","26",NA,15,1442,16,9,6,15,9,0,1,1,0,6.3,5.5,4.9,10.4,56,70,108,0.56,0.37,0.94,0.56,0.94,0.39,0.3,0.7,0.35,0.65,"https://fbref.com/en/players/45af8a54/Marco-Asensio",31,"No"
"2022-2023","Real Madrid","La Liga","Lucas Vázquez","ESP","DF","31",NA,12,1144,12.7,4,1,5,4,0,0,2,0,1.9,1.9,1.6,3.5,31,50,145,0.31,0.08,0.39,0.31,0.39,0.15,0.13,0.28,0.15,0.28,"https://fbref.com/en/players/fd51b456/Lucas-Vazquez",23,"Yes"
"2022-2023","Real Madrid","La Liga","Andriy Lunin","UKR","GK","23",NA,7,630,7,0,0,0,0,0,0,0,0,0,0,0,0,0,0,0,0,0,0,0,0,0,0,0,0,0,"https://fbref.com/en/players/3061e1ec/Andriy-Lunin",7,"Yes"
"2022-2023","Real Madrid","La Liga","Eden Hazard","BEL","FW","31",NA,2,196,2.2,0,1,1,0,0,1,0,0,1,0.2,0.5,0.7,6,8,25,0,0.46,0.46,0,0.46,0.45,0.23,0.67,0.08,0.31,"https://fbref.com/en/players/a39bb753/Eden-Hazard",6,"No"
"2022-2023","Real Madrid","La Liga","Mariano","DOM","FW","28",NA,1,157,1.7,0,0,0,0,0,0,2,0,0.6,0.6,0.4,1,3,2,12,0,0,0,0,0,0.32,0.25,0.57,0.32,0.57,"https://fbref.com/en/players/5c4dc0ff/Mariano",9,"No"
"2022-2023","Real Madrid","La Liga","Álvaro Rodríguez","URU","FW","18",NA,0,79,0.9,1,1,2,1,0,0,0,0,0.2,0.2,0.3,0.5,0,1,3,1.14,1.14,2.28,1.14,2.28,0.28,0.33,0.6,0.28,0.6,"https://fbref.com/en/players/49a6ecbb/Alvaro-Rodriguez",6,"Yes"
"2022-2023","Real Madrid","La Liga","Álvaro Odriozola","ESP","DF","26",NA,0,39,0.4,0,0,0,0,0,0,0,0,0.2,0.2,0.3,0.5,4,2,5,0,0,0,0,0,0.56,0.66,1.22,0.56,1.22,"https://fbref.com/en/players/1d1691ad/Alvaro-Odriozola",3,"Yes"
"2022-2023","Real Madrid","La Liga","Jesús Vallejo","ESP","DF","25",NA,0,22,0.2,0,0,0,0,0,0,0,0,0.3,0.3,0,0.3,0,0,0,0,0,0,0,0,1.29,0,1.29,1.29,1.29,"https://fbref.com/en/players/c2111b45/Jesus-Vallejo",1,"No"
"2022-2023","Real Madrid","La Liga","Sergio Arribas","ESP","MF,FW","20",NA,0,19,0.2,0,0,0,0,0,0,0,0,0.2,0.2,0,0.2,0,2,0,0,0,0,0,0,0.74,0.14,0.88,0.74,0.88,"https://fbref.com/en/players/1e465e70/Sergio-Arribas",2,"No"
"2022-2023","Real Madrid","La Liga","Casemiro","BRA","MF","30",NA,0,8,0.1,0,0,0,0,0,0,0,0,0,0,0,0,0,0,0,0,0,0,0,0,0,0,0,0,0,"https://fbref.com/en/players/4d224fe8/Casemiro",1,"No"
"2022-2023","Real Madrid","La Liga","Lucas Cañizares","ESP","GK","20",NA,0,NA,NA,NA,NA,NA,NA,NA,NA,NA,NA,NA,NA,NA,NA,NA,NA,NA,NA,NA,NA,NA,NA,NA,NA,NA,NA,NA,"https://fbref.com/en/players/7e84906e/Lucas-Canizares",0,"Yes"
"2022-2023","Real Madrid","La Liga","Carlos Dotor","ESP","MF","21",NA,0,NA,NA,NA,NA,NA,NA,NA,NA,NA,NA,NA,NA,NA,NA,NA,NA,NA,NA,NA,NA,NA,NA,NA,NA,NA,NA,NA,"https://fbref.com/en/players/daa2eab3/Carlos-Dotor",0,"No"
"2022-2023","Real Madrid","La Liga","Fran González","ESP","DF","23",NA,0,NA,NA,NA,NA,NA,NA,NA,NA,NA,NA,NA,NA,NA,NA,NA,NA,NA,NA,NA,NA,NA,NA,NA,NA,NA,NA,NA,"https://fbref.com/en/players/ea04fa41/Fran-Gonzalez",0,"Yes"
"2022-2023","Real Madrid","La Liga","Luis López","ESP","GK","21",NA,0,NA,NA,NA,NA,NA,NA,NA,NA,NA,NA,NA,NA,NA,NA,NA,NA,NA,NA,NA,NA,NA,NA,NA,NA,NA,NA,NA,"https://fbref.com/en/players/ccb491d0/Luis-Lopez",0,"No"
"2022-2023","Real Madrid","La Liga","Mario de Luis","ESP","GK","20",NA,0,NA,NA,NA,NA,NA,NA,NA,NA,NA,NA,NA,NA,NA,NA,NA,NA,NA,NA,NA,NA,NA,NA,NA,NA,NA,NA,NA,"https://fbref.com/en/players/3813d6d4/Mario-de-Luis",0,"Yes"
"2022-2023","Real Madrid","La Liga","Mario Martín","ESP","MF","18",NA,0,NA,NA,NA,NA,NA,NA,NA,NA,NA,NA,NA,NA,NA,NA,NA,NA,NA,NA,NA,NA,NA,NA,NA,NA,NA,NA,NA,"https://fbref.com/en/players/a9aff11a/Mario-Martin",0,"Yes"
"2022-2023","Real Madrid","La Liga","Nicolás Paz","ARG","MF","17",NA,0,NA,NA,NA,NA,NA,NA,NA,NA,NA,NA,NA,NA,NA,NA,NA,NA,NA,NA,NA,NA,NA,NA,NA,NA,NA,NA,NA,"https://fbref.com/en/players/01bb93d5/Nicolas-Paz",0,"Yes"
"2022-2023","Real Madrid","La Liga","Diego Piñeiro","ESP","GK","18",NA,0,NA,NA,NA,NA,NA,NA,NA,NA,NA,NA,NA,NA,NA,NA,NA,NA,NA,NA,NA,NA,NA,NA,NA,NA,NA,NA,NA,"https://fbref.com/en/players/ef6a4afe/Diego-Pineiro",0,"Yes"
"2023-2024","Real Madrid","La Liga","Federico Valverde","URU","MF","25",NA,33,2904,32.3,2,7,9,2,0,0,2,0,3.5,3.5,5.8,9.3,104,231,102,0.06,0.22,0.28,0.06,0.28,0.11,0.18,0.29,0.11,0.29,"https://fbref.com/en/players/0959c2a2/Federico-Valverde",37,"Yes"
"2023-2024","Real Madrid","La Liga","Antonio Rüdiger","GER","DF","30",NA,30,2709,30.1,1,0,1,1,0,0,7,0,1.5,1.5,1.2,2.6,17,88,1,0.03,0,0.03,0.03,0.03,0.05,0.04,0.09,0.05,0.09,"https://fbref.com/en/players/18b896d6/Antonio-Rudiger",33,"Yes"
"2023-2024","Real Madrid","La Liga","Rodrygo","BRA","FW","22",NA,28,2380,26.4,10,5,15,10,0,1,2,0,11.7,10.9,4,14.9,159,90,301,0.38,0.19,0.57,0.38,0.57,0.44,0.15,0.59,0.41,0.56,"https://fbref.com/en/players/8f5e92a6/Rodrygo",34,"Yes"
"2023-2024","Real Madrid","La Liga","Jude Bellingham","ENG","MF","20",NA,27,2315,25.7,19,6,25,18,1,1,5,1,11.1,10.3,5.3,15.6,85,196,177,0.74,0.23,0.97,0.7,0.93,0.43,0.21,0.64,0.4,0.61,"https://fbref.com/en/players/57d88cf9/Jude-Bellingham",28,"Yes"
"2023-2024","Real Madrid","La Liga","Dani Carvajal","ESP","DF","31",NA,25,2171,24.1,4,3,7,4,0,0,5,1,1.7,1.7,2.7,4.4,30,82,168,0.17,0.12,0.29,0.17,0.29,0.07,0.11,0.18,0.07,0.18,"https://fbref.com/en/players/4958bfb2/Dani-Carvajal",28,"Yes"
"2023-2024","Real Madrid","La Liga","Toni Kroos","GER","MF","33",NA,24,2124,23.6,1,8,9,1,0,0,3,0,1.6,1.6,4.9,6.5,32,290,29,0.04,0.34,0.38,0.04,0.38,0.07,0.21,0.28,0.07,0.28,"https://fbref.com/en/players/6ce1f46f/Toni-Kroos",33,"Yes"
"2023-2024","Real Madrid","La Liga","Aurélien Tchouaméni","FRA","MF,DF","23",NA,22,1987,22.1,3,1,4,3,0,0,7,0,1.3,1.3,0.9,2.1,28,111,15,0.14,0.05,0.18,0.14,0.18,0.06,0.04,0.1,0.06,0.1,"https://fbref.com/en/players/4f255115/Aurelien-Tchouameni",27,"Yes"
"2023-2024","Real Madrid","La Liga","Vinicius Júnior","BRA","FW","23",NA,22,1864,20.7,15,5,20,14,1,1,7,0,13.1,12.3,4.2,16.6,137,57,277,0.72,0.24,0.97,0.68,0.92,0.63,0.21,0.84,0.59,0.8,"https://fbref.com/en/players/7111d552/Vinicius-Junior",26,"Yes"
"2023-2024","Real Madrid","La Liga","Andriy Lunin","UKR","GK","24",NA,21,1890,21,0,0,0,0,0,0,2,0,0,0,0.3,0.3,0,0,0,0,0,0,0,0,0,0.01,0.01,0,0.01,"https://fbref.com/en/players/3061e1ec/Andriy-Lunin",21,"Yes"
"2023-2024","Real Madrid","La Liga","Eduardo Camavinga","FRA","MF,DF","20",NA,21,1817,20.2,0,2,2,0,0,0,9,0,0.9,0.9,1.4,2.3,49,106,31,0,0.1,0.1,0,0.1,0.05,0.07,0.11,0.05,0.11,"https://fbref.com/en/players/7b9c2d84/Eduardo-Camavinga",31,"Yes"
"2023-2024","Real Madrid","La Liga","Ferland Mendy","FRA","DF","28",NA,21,1720,19.1,0,0,0,0,0,0,5,0,0.2,0.2,0.9,1.1,19,84,96,0,0,0,0,0,0.01,0.05,0.06,0.01,0.06,"https://fbref.com/en/players/3cefcaef/Ferland-Mendy",23,"Yes"
"2023-2024","Real Madrid","La Liga","Nacho","ESP","DF","33",NA,18,1746,19.4,0,1,1,0,0,0,4,2,0.5,0.5,1.2,1.7,13,55,9,0,0.05,0.05,0,0.05,0.03,0.06,0.09,0.03,0.09,"https://fbref.com/en/players/2946f9a1/Nacho",29,"Yes"
"2023-2024","Real Madrid","La Liga","Luka Modrić","CRO","MF","37",NA,18,1688,18.8,2,6,8,2,0,0,2,0,1.3,1.3,5.5,6.8,53,196,85,0.11,0.32,0.43,0.11,0.43,0.07,0.3,0.37,0.07,0.37,"https://fbref.com/en/players/6025fab1/Luka-Modric",32,"Yes"
"2023-2024","Real Madrid","La Liga","Brahim Díaz","MAR","FW,MF","23",NA,18,1545,17.2,8,6,14,8,0,0,0,0,5.7,5.7,4.4,10.1,76,75,166,0.47,0.35,0.82,0.47,0.82,0.33,0.26,0.59,0.33,0.59,"https://fbref.com/en/players/407feb71/Brahim-Diaz",31,"Yes"
"2023-2024","Real Madrid","La Liga","Joselu","ESP","FW","33",NA,15,1687,18.7,10,2,12,10,0,2,1,0,11.6,10,1.7,11.7,15,20,98,0.53,0.11,0.64,0.53,0.64,0.62,0.09,0.71,0.53,0.62,"https://fbref.com/en/players/6265208f/Joselu",34,"Yes"
"2023-2024","Real Madrid","La Liga","Fran Garcia","ESP","DF","23",NA,15,1398,15.5,1,5,6,1,0,0,2,0,0.5,0.5,2.4,3,53,60,139,0.06,0.32,0.39,0.06,0.39,0.03,0.16,0.19,0.03,0.19,"https://fbref.com/en/players/7226539b/Fran-Garcia",25,"Yes"
"2023-2024","Real Madrid","La Liga","Lucas Vázquez","ESP","DF","32",NA,14,1419,15.8,3,6,9,3,0,0,0,0,1.2,1.1,3.8,4.8,28,58,160,0.19,0.38,0.57,0.19,0.57,0.07,0.24,0.31,0.07,0.31,"https://fbref.com/en/players/fd51b456/Lucas-Vazquez",29,"Yes"
"2023-2024","Real Madrid","La Liga","David Alaba","AUT","DF","31",NA,14,1154,12.8,0,1,1,0,0,0,2,0,1,1,0.7,1.6,9,51,13,0,0.08,0.08,0,0.08,0.08,0.05,0.13,0.08,0.13,"https://fbref.com/en/players/05439de2/David-Alaba",14,"Yes"
"2023-2024","Real Madrid","La Liga","Kepa Arrizabalaga","ESP","GK","28",NA,13,1198,13.3,0,0,0,0,0,0,1,0,0,0,0,0,0,0,0,0,0,0,0,0,0,0,0,0,0,"https://fbref.com/en/players/28d596a0/Kepa-Arrizabalaga",14,"Yes"
"2023-2024","Real Madrid","La Liga","Éder Militão","BRA","DF","25",NA,6,496,5.5,0,0,0,0,0,0,0,0,0.1,0.1,0,0.1,7,15,2,0,0,0,0,0,0.02,0,0.02,0.02,0.02,"https://fbref.com/en/players/2784f898/Eder-Militao",10,"Yes"
"2023-2024","Real Madrid","La Liga","Dani Ceballos","ESP","MF,FW","26",NA,5,598,6.6,0,2,2,0,0,0,2,0,0.3,0.3,1.5,1.8,16,47,23,0,0.3,0.3,0,0.3,0.05,0.22,0.27,0.05,0.27,"https://fbref.com/en/players/c0617e2b/Dani-Ceballos",20,"Yes"
"2023-2024","Real Madrid","La Liga","Arda Güler","TUR","FW,MF","18",NA,4,377,4.2,6,0,6,6,0,0,1,0,1.4,1.4,0.1,1.6,16,17,25,1.43,0,1.43,1.43,1.43,0.34,0.03,0.37,0.34,0.37,"https://fbref.com/en/players/3741ca58/Arda-Guler",10,"Yes"
"2023-2024","Real Madrid","La Liga","Thibaut Courtois","BEL","GK","31",NA,4,332,3.7,0,0,0,0,0,0,0,0,0,0,0.1,0.1,0,0,0,0,0,0,0,0,0,0.03,0.03,0,0.03,"https://fbref.com/en/players/1840e36d/Thibaut-Courtois",4,"Yes"
"2023-2024","Real Madrid","La Liga","Nicolás Paz","ARG","MF,FW","18",NA,0,23,0.3,0,0,0,0,0,0,0,0,0.1,0.1,0,0.1,3,6,2,0,0,0,0,0,0.31,0,0.31,0.31,0.31,"https://fbref.com/en/players/01bb93d5/Nicolas-Paz",4,"Yes"
"2023-2024","Real Madrid","La Liga","Gonzalo García","ESP","FW,MF","19",NA,0,19,0.2,0,0,0,0,0,0,0,0,0,0,0,0,1,0,3,0,0,0,0,0,0.16,0,0.16,0.16,0.16,"https://fbref.com/en/players/74c2d562/Gonzalo-Garcia",2,"Yes"
"2023-2024","Real Madrid","La Liga","Mario Martín","ESP","MF","19",NA,0,18,0.2,0,0,0,0,0,0,0,0,0,0,0,0,0,0,1,0,0,0,0,0,0,0,0,0,0,"https://fbref.com/en/players/a9aff11a/Mario-Martin",2,"Yes"
"2023-2024","Real Madrid","La Liga","Álvaro Rodríguez","URU","FW","19",NA,0,1,0,0,0,0,0,0,0,0,0,0,0,0,0,0,0,0,0,0,0,0,0,0,0,0,0,0,"https://fbref.com/en/players/49a6ecbb/Alvaro-Rodriguez",1,"Yes"
"2023-2024","Real Madrid","La Liga","Lucas Cañizares","ESP","GK","21",NA,0,NA,NA,NA,NA,NA,NA,NA,NA,NA,NA,NA,NA,NA,NA,NA,NA,NA,NA,NA,NA,NA,NA,NA,NA,NA,NA,NA,"https://fbref.com/en/players/7e84906e/Lucas-Canizares",0,"Yes"
"2023-2024","Real Madrid","La Liga","Álvaro Carrillo","ESP","DF","21",NA,0,NA,NA,NA,NA,NA,NA,NA,NA,NA,NA,NA,NA,NA,NA,NA,NA,NA,NA,NA,NA,NA,NA,NA,NA,NA,NA,NA,"https://fbref.com/en/players/cf27a443/Alvaro-Carrillo",0,"Yes"
"2023-2024","Real Madrid","La Liga","Fran","ESP","GK","18",NA,0,NA,NA,NA,NA,NA,NA,NA,NA,NA,NA,NA,NA,NA,NA,NA,NA,NA,NA,NA,NA,NA,NA,NA,NA,NA,NA,NA,"https://fbref.com/en/players/5e550a91/Fran",0,"Yes"
"2023-2024","Real Madrid","La Liga","Fran González","ESP","DF","24",NA,0,NA,NA,NA,NA,NA,NA,NA,NA,NA,NA,NA,NA,NA,NA,NA,NA,NA,NA,NA,NA,NA,NA,NA,NA,NA,NA,NA,"https://fbref.com/en/players/ea04fa41/Fran-Gonzalez",0,"Yes"
"2023-2024","Real Madrid","La Liga","Mario de Luis","ESP","GK","21",NA,0,NA,NA,NA,NA,NA,NA,NA,NA,NA,NA,NA,NA,NA,NA,NA,NA,NA,NA,NA,NA,NA,NA,NA,NA,NA,NA,NA,"https://fbref.com/en/players/3813d6d4/Mario-de-Luis",0,"Yes"
"2023-2024","Real Madrid","La Liga","Álvaro Odriozola","ESP","DF","27",NA,0,NA,NA,NA,NA,NA,NA,NA,NA,NA,NA,NA,NA,NA,NA,NA,NA,NA,NA,NA,NA,NA,NA,NA,NA,NA,NA,NA,"https://fbref.com/en/players/1d1691ad/Alvaro-Odriozola",0,"Yes"
"2023-2024","Real Madrid","La Liga","Diego Piñeiro","ESP","GK","19",NA,0,NA,NA,NA,NA,NA,NA,NA,NA,NA,NA,NA,NA,NA,NA,NA,NA,NA,NA,NA,NA,NA,NA,NA,NA,NA,NA,NA,"https://fbref.com/en/players/ef6a4afe/Diego-Pineiro",0,"Yes"
"2023-2024","Real Madrid","La Liga","Edgar Pujol","ESP","DF","18",NA,0,NA,NA,NA,NA,NA,NA,NA,NA,NA,NA,NA,NA,NA,NA,NA,NA,NA,NA,NA,NA,NA,NA,NA,NA,NA,NA,NA,"https://fbref.com/en/players/ff36ea10/Edgar-Pujol",0,"Yes"
"2023-2024","Real Madrid","La Liga","Jacobo Ramón","ESP","DF","18",NA,0,NA,NA,NA,NA,NA,NA,NA,NA,NA,NA,NA,NA,NA,NA,NA,NA,NA,NA,NA,NA,NA,NA,NA,NA,NA,NA,NA,"https://fbref.com/en/players/4772b1d1/Jacobo-Ramon",0,"Yes"
"2023-2024","Real Madrid","La Liga","Vinicius Tobias","BRA","DF","19",NA,0,NA,NA,NA,NA,NA,NA,NA,NA,NA,NA,NA,NA,NA,NA,NA,NA,NA,NA,NA,NA,NA,NA,NA,NA,NA,NA,NA,"https://fbref.com/en/players/880d7ee5/Vinicius-Tobias",0,"Yes"
"2023-2024","Real Madrid","La Liga","Theo Zidane","FRA","MF","21",NA,0,NA,NA,NA,NA,NA,NA,NA,NA,NA,NA,NA,NA,NA,NA,NA,NA,NA,NA,NA,NA,NA,NA,NA,NA,NA,NA,NA,"https://fbref.com/en/players/c9e65bc5/Theo-Zidane",0,"Yes"
